
INSERT INTO em_group(id, group_name) VALUES
(1, 'A'),
(2, 'B'),
(3, 'C'),
(4, 'D'),
(5, 'E'),
(6, 'F');

INSERT INTO em_team (id, team_name, country_code) VALUES
(1, 'Belgien', 'be'),
(2, 'Italien', 'it'),
(3, 'Russland', 'ru'),
(4, 'Polen', 'pl'),
(5, 'Ukraine', 'ua'),
(6, 'Spanien', 'es'),
(7, 'Türkei', 'tr'),
(8, 'Frankreich', 'fr'),
(9, 'England', ''),
(10, 'Tschechien', 'cz'),
(11, 'Finnland', 'fi'),
(12, 'Schweden', 'se'),
(13, 'Deutschland', 'de'),
(14, 'Österreich', 'at'),
(15, 'Niederlande', 'nl'),
(16, 'Kroatien', 'hr'),
(17, 'Portugal', 'pt'),
(18, 'Schweiz', 'ch'),
(19, 'Dänemark', 'dk'),
(20, 'Wales', ''),
(21, 'Playoff A', ''),
(22, 'Playoff B', ''),
(23, 'Playoff C', ''),
(24, 'Playoff D', '');

INSERT INTO em_group_teams (group_id, teams_id) VALUES
(1,7),(1,2),(1,20),(1,18),
(2,19),(2,11),(2,1),(2,3),
(3,15),(3,5),(3,14),(3,24),
(4,9),(4,16),(4,23),(4,10),
(5,6),(5,12),(5,4),(5,22),
(6,21),(6,17),(6,8),(6,13);


INSERT INTO em_game (id, home_team_id, away_team_id, date_time, home_score, away_score, finish) VALUES
(1, 7, 2, '2021-06-11 19:00:00', 0, 0, 0),
(2, 20, 18, '2021-06-12 13:00:00', 0, 0, 0),
(3, 19, 11, '2021-06-12 16:00:00', 0, 0, 0),
(4, 1, 3, '2021-06-12 19:00:00', 0, 0, 0),
(5, 9, 16, '2021-06-13 13:00:00', 0, 0, 0),
(6, 14, 24, '2021-06-13 16:00:00', 0, 0, 0),
(7, 15, 5, '2021-06-13 19:00:00', 0, 0, 0),
(8, 23, 10, '2021-06-14 13:00:00', 0, 0, 0),
(9, 4, 22, '2021-06-14 16:00:00', 0, 0, 0),
(10, 6, 12, '2021-06-14 19:00:00', 0, 0, 0),
(11, 21, 17, '2021-06-15 16:00:00', 0, 0, 0),
(12, 8, 13, '2021-06-15 19:00:00', 0, 0, 0),
(13, 11, 3, '2021-06-16 13:00:00', 0, 0, 0),
(14, 7, 20, '2021-06-16 16:00:00', 0, 0, 0),
(15, 2, 18, '2021-06-16 19:00:00', 0, 0, 0),
(16, 5, 24, '2021-06-17 13:00:00', 0, 0, 0),
(17, 19, 1, '2021-06-17 16:00:00', 0, 0, 0),
(18, 15, 14, '2021-06-17 19:00:00', 0, 0, 0),
(19, 12, 22, '2021-06-18 13:00:00', 0, 0, 0),
(20, 16, 10, '2021-06-18 16:00:00', 0, 0, 0),
(21, 9, 23, '2021-06-18 19:00:00', 0, 0, 0),
(22, 21, 8, '2021-06-19 13:00:00', 0, 0, 0),
(23, 17, 13, '2021-06-19 16:00:00', 0, 0, 0),
(24, 6, 4, '2021-06-19 19:00:00', 0, 0, 0),
(25, 2, 20, '2021-06-20 16:00:00', 0, 0, 0),
(26, 18, 7, '2021-06-20 16:00:00', 0, 0, 0),
(27, 24, 15, '2021-06-21 16:00:00', 0, 0, 0),
(28, 5, 14, '2021-06-21 16:00:00', 0, 0, 0),
(29, 3, 19, '2021-06-21 19:00:00', 0, 0, 0),
(30, 11, 1, '2021-06-21 19:00:00', 0, 0, 0),
(31, 10, 9, '2021-06-22 19:00:00', 0, 0, 0),
(32, 16, 23, '2021-06-22 19:00:00', 0, 0, 0),
(33, 22, 6, '2021-06-23 16:00:00', 0, 0, 0),
(34, 12, 4, '2021-06-23 16:00:00', 0, 0, 0),
(35, 13, 21, '2021-06-23 19:00:00', 0, 0, 0),
(36, 17, 8, '2021-06-23 19:00:00', 0, 0, 0);
